{
  "model": {
    "type": "minecraft:condition",
    "property": "minecraft:has_component",
    "component": "minecraft:enchantments",
    "ignore_default": true,
    "on_true": {
      "type": "minecraft:composite",
      "models": [
        {
          "type": "minecraft:model",
          "model": "minecraft:item/enchanted_outlines/diamond_sword_material"
        },
        {
          "type": "minecraft:model",
          "model": "minecraft:item/diamond_sword"
        }
      ]
    },
    "on_false": {
      "type": "minecraft:model",
      "model": "minecraft:item/diamond_sword"
    }
  }
}