{
  "model": {
    "type": "minecraft:condition",
    "property": "minecraft:has_component",
    "component": "minecraft:enchantments",
    "ignore_default": true,
    "on_true": {
      "type": "minecraft:select",
      "property": "minecraft:display_context",
      "cases": [
        {
          "when": [
            "gui",
            "fixed",
            "ground"
          ],
          "model": {
            "type": "minecraft:composite",
            "models": [
              {
                "type": "minecraft:model",
                "model": "minecraft:item/enchanted_outlines/material_type/material_outline_mace"
              },
              {
                "type": "minecraft:model",
                "model": "minecraft:item/mace"
              }
            ]
          }
        },
        {
          "when": [
            "firstperson_righthand",
            "firstperson_lefthand",
            "thirdperson_righthand",
            "thirdperson_lefthand",
            "head"
          ],
          "model": {
            "type": "minecraft:composite",
            "models": [
              {
                "type": "minecraft:model",
                "model": "minecraft:item/enchanted_outlines/material_type/material_outline_mace_hand_braysworld"
              },
              {
                "type": "minecraft:model",
                "model": "minecraft:item/mace_hand"
              }
            ]
          }
        }
      ]
    },
    "on_false": {
      "type": "minecraft:condition",
      "property": "minecraft:has_component",
      "component": "minecraft:enchantment_glint_override",
      "ignore_default": true,
      "on_true": {
        "type": "minecraft:select",
        "property": "minecraft:display_context",
        "cases": [
          {
            "when": [
              "gui",
              "fixed",
              "ground"
            ],
            "model": {
              "type": "minecraft:composite",
              "models": [
                {
                  "type": "minecraft:model",
                  "model": "minecraft:item/enchanted_outlines/material_type/material_outline_mace"
                },
                {
                  "type": "minecraft:model",
                  "model": "minecraft:item/mace"
                }
              ]
            }
          },
          {
            "when": [
              "firstperson_righthand",
              "firstperson_lefthand",
              "thirdperson_righthand",
              "thirdperson_lefthand",
              "head"
            ],
            "model": {
              "type": "minecraft:composite",
              "models": [
                {
                  "type": "minecraft:model",
                  "model": "minecraft:item/enchanted_outlines/material_type/material_outline_mace_hand_braysworld"
                },
                {
                  "type": "minecraft:model",
                  "model": "minecraft:item/mace_hand"
                }
              ]
            }
          }
        ]
      },
      "on_false": {
        "type": "minecraft:model",
        "model": "minecraft:item/mace"
      }
    }
  }
}