{
  "model": {
    "type": "minecraft:condition",
    "property": "minecraft:has_component",
    "component": "minecraft:enchantments",
    "ignore_default": true,
    "on_true": {
      "type": "minecraft:select",
      "property": "minecraft:display_context",
      "cases": [
        {
          "when": [
            "gui",
            "fixed",
            "ground"
          ],
          "model": {
            "type": "minecraft:select",
            "property": "minecraft:component",
            "component": "minecraft:enchantments",
            "cases": [
              {
                "when": [
                  {
                    "minecraft:wind_burst": 1
                  },
                  {
                    "minecraft:wind_burst": 2
                  },
                  {
                    "minecraft:wind_burst": 3
                  }
                ],
                "model": {
                  "type": "minecraft:composite",
                  "models": [
                    {
                      "type": "minecraft:model",
                      "model": "minecraft:item/enchanted_outlines/outline_mace"
                    },
                    {
                      "type": "minecraft:model",
                      "model": "minecraft:item/mace_windburst"
                    }
                  ]
                }
              }
            ],
            "fallback": {
              "type": "minecraft:composite",
              "models": [
                {
                  "type": "minecraft:model",
                  "model": "minecraft:item/enchanted_outlines/outline_mace"
                },
                {
                  "type": "minecraft:model",
                  "model": "minecraft:item/mace"
                }
              ]
            }
          }
        },
        {
          "when": [
            "firstperson_righthand",
            "firstperson_lefthand",
            "thirdperson_righthand",
            "thirdperson_lefthand",
            "head"
          ],
          "model": {
            "type": "minecraft:select",
            "property": "minecraft:component",
            "component": "minecraft:enchantments",
            "cases": [
              {
                "when": [
                  {
                    "minecraft:wind_burst": 1
                  },
                  {
                    "minecraft:wind_burst": 2
                  },
                  {
                    "minecraft:wind_burst": 3
                  }
                ],
                "model": {
                  "type": "minecraft:composite",
                  "models": [
                    {
                      "type": "minecraft:model",
                      "model": "minecraft:item/enchanted_outlines/outline_mace_hand_braysworld"
                    },
                    {
                      "type": "minecraft:model",
                      "model": "minecraft:item/mace_hand_windburst"
                    }
                  ]
                }
              }
            ],
            "fallback": {
              "type": "minecraft:composite",
              "models": [
                {
                  "type": "minecraft:model",
                  "model": "minecraft:item/enchanted_outlines/outline_mace_hand_braysworld"
                },
                {
                  "type": "minecraft:model",
                  "model": "minecraft:item/mace_hand"
                }
              ]
            }
          }
        }
      ]
    },
    "on_false": {
      "type": "minecraft:condition",
      "property": "minecraft:has_component",
      "component": "minecraft:enchantment_glint_override",
      "ignore_default": true,
      "on_true": {
        "type": "minecraft:select",
        "property": "minecraft:display_context",
        "cases": [
          {
            "when": [
              "gui",
              "fixed",
              "ground"
            ],
            "model": {
              "type": "minecraft:composite",
              "models": [
                {
                  "type": "minecraft:model",
                  "model": "minecraft:item/enchanted_outlines/outline_mace"
                },
                {
                  "type": "minecraft:model",
                  "model": "minecraft:item/mace"
                }
              ]
            }
          },
          {
            "when": [
              "firstperson_righthand",
              "firstperson_lefthand",
              "thirdperson_righthand",
              "thirdperson_lefthand",
              "head"
            ],
            "model": {
              "type": "minecraft:composite",
              "models": [
                {
                  "type": "minecraft:model",
                  "model": "minecraft:item/enchanted_outlines/outline_mace_hand_braysworld"
                },
                {
                  "type": "minecraft:model",
                  "model": "minecraft:item/mace_hand"
                }
              ]
            }
          }
        ]
      },
      "on_false": {
        "type": "minecraft:select",
        "property": "minecraft:display_context",
        "cases": [
          {
            "when": [
              "gui",
              "fixed",
              "ground"
            ],
            "model": {
              "type": "minecraft:model",
              "model": "minecraft:item/mace"
            }
          },
          {
            "when": [
              "firstperson_righthand",
              "firstperson_lefthand",
              "thirdperson_righthand",
              "thirdperson_lefthand",
              "head"
            ],
            "model": {
              "type": "minecraft:model",
              "model": "minecraft:item/mace_hand"
            }
          }
        ]
      }
    }
  }
}